Indicators,Year,Age_Group,Gender,Value
Age dependency ratio (% of working-age population),2000,Total,Total,49.7157016
"Age dependency ratio, old (% of working-age population)",2000,Total,Total,9.290487845
"Age dependency ratio, young (% of working-age population)",2000,Total,Total,40.42521375
"Birth rate, crude (per 1,000 people)",2000,Total,Total,18.402
"Cause of death, by communicable diseases and maternal, prenatal and nutrition conditions (% of total)",2000,Reproductive Age,Total,11.17984096
"Cause of death, by non-communicable diseases (% of total)",2000,Total,Total,74.36298531
Current health expenditure (% of GDP),2000,Total,Total,4.10818672
"Death rate, crude (per 1,000 people)",2000,Total,Total,6.633
"Fertility rate, total (births per woman)",2000,Total,Total,2.213
"Hospital beds (per 1,000 people)",2000,Total,Total,3.04
"Incidence of HIV, all (per 1,000 uninfected population)",2000,Total,Total,0.1
"Incidence of malaria (per 1,000 population at risk)",2000,Total,Total,47.33
"Incidence of tuberculosis (per 100,000 people)",2000,Total,Total,66
"Life expectancy at birth, female (years)",2000,Total,Female,76.292
"Life expectancy at birth, male (years)",2000,Total,Male,66.774
"Life expectancy at birth, total (years)",2000,Total,Total,71.179
"Maternal mortality ratio (modeled estimate, per 100,000 live births)",2000,Reproductive Age,Total,39
"Mortality rate, adult, female (per 1,000 female adults)",2000,Adult,Female,91.015
"Mortality rate, adult, male (per 1,000 male adults)",2000,Adult,Male,245.601
"Mortality rate, infant (per 1,000 live births)",2000,0-1,Total,13
"Mortality rate, infant, female (per 1,000 live births)",2000,0-1,Female,11.8
"Mortality rate, infant, male (per 1,000 live births)",2000,0-1,Male,14.2
Number of maternal deaths,2000,Reproductive Age,Total,140
"Nurses and midwives (per 1,000 people)",2000,Total,Total,1.192
"Physicians (per 1,000 people)",2000,Total,Total,0.424
Population ages 0-14 (% of total population),2000,Total,Total,27.00131682
Population ages 15-64 (% of total population),2000,Total,Total,66.79326318
Population ages 65 and above (% of total population),2000,Total,Total,6.205419997
"Population, female",2000,Total,Female,9696396
"Population, female (% of total population)",2000,Total,Female,50.25848163
"Population, male",2000,Total,Male,9596658
"Population, male (% of total population)",2000,Total,Male,49.74151837
"Population, total",2000,Total,Total,19293054
"Prevalence of HIV, female (% ages 15-24)",2000,15-24,Female,0.1
"Prevalence of HIV, male (% ages 15-24)",2000,15-24,Male,0.1
Sex ratio at birth (male births per female births),2000,Total,Female,1.046
"Suicide mortality rate (per 100,000 population)",2000,Total,Total,38.9
"Suicide mortality rate, female (per 100,000 female population)",2000,Total,Female,15.05
"Suicide mortality rate, male (per 100,000 male population)",2000,Total,Male,63
"Survival to age 65, female (% of cohort)",2000,Total,Female,84.749058
"Survival to age 65, male (% of cohort)",2000,Total,Male,64.882091
Age dependency ratio (% of working-age population),2001,Total,Total,49.01985143
"Age dependency ratio, old (% of working-age population)",2001,Total,Total,9.341904756
"Age dependency ratio, young (% of working-age population)",2001,Total,Total,39.67794668
"Birth rate, crude (per 1,000 people)",2001,Total,Total,18.95
Current health expenditure (% of GDP),2001,Total,Total,4.05662823
"Death rate, crude (per 1,000 people)",2001,Total,Total,6.482
"Fertility rate, total (births per woman)",2001,Total,Total,2.283
"Hospital beds (per 1,000 people)",2001,Total,Total,3.13
"Incidence of HIV, all (per 1,000 uninfected population)",2001,Total,Total,0.1
"Incidence of malaria (per 1,000 population at risk)",2001,Total,Total,14.76
"Incidence of tuberculosis (per 100,000 people)",2001,Total,Total,66
"Life expectancy at birth, female (years)",2001,Total,Female,76.481
"Life expectancy at birth, male (years)",2001,Total,Male,67.71
"Life expectancy at birth, total (years)",2001,Total,Total,71.804
"Maternal mortality ratio (modeled estimate, per 100,000 live births)",2001,Reproductive Age,Total,37
"Mortality rate, adult, female (per 1,000 female adults)",2001,Adult,Female,88.73
"Mortality rate, adult, male (per 1,000 male adults)",2001,Adult,Male,227.599
"Mortality rate, infant (per 1,000 live births)",2001,0-1,Total,12.7
"Mortality rate, infant, female (per 1,000 live births)",2001,0-1,Female,11.4
"Mortality rate, infant, male (per 1,000 live births)",2001,0-1,Male,13.9
Number of maternal deaths,2001,Reproductive Age,Total,140
"Nurses and midwives (per 1,000 people)",2001,Total,Total,0.835
"Physicians (per 1,000 people)",2001,Total,Total,0.443
Population ages 0-14 (% of total population),2001,Total,Total,26.62594888
Population ages 15-64 (% of total population),2001,Total,Total,67.10515175
Population ages 65 and above (% of total population),2001,Total,Total,6.268899363
"Population, female",2001,Total,Female,9863354
"Population, female (% of total population)",2001,Total,Female,50.32230527
"Population, male",2001,Total,Male,9737008
"Population, male (% of total population)",2001,Total,Male,49.67769473
"Population, total",2001,Total,Total,19293054
"Prevalence of HIV, female (% ages 15-24)",2001,15-24,Female,0.1
"Prevalence of HIV, male (% ages 15-24)",2001,15-24,Male,0.1
Sex ratio at birth (male births per female births),2001,Total,Female,1.046
"Suicide mortality rate (per 100,000 population)",2001,Total,Total,33.76
"Suicide mortality rate, female (per 100,000 female population)",2001,Total,Female,12.53
"Suicide mortality rate, male (per 100,000 male population)",2001,Total,Male,55.26
"Survival to age 65, female (% of cohort)",2001,Total,Female,85.074224
"Survival to age 65, male (% of cohort)",2001,Total,Male,66.741322
Age dependency ratio (% of working-age population),2002,Total,Total,48.54481848
"Age dependency ratio, old (% of working-age population)",2002,Total,Total,9.434094577
"Age dependency ratio, young (% of working-age population)",2002,Total,Total,39.11072391
"Birth rate, crude (per 1,000 people)",2002,Total,Total,19.172
Current health expenditure (% of GDP),2002,Total,Total,4.03715754
"Death rate, crude (per 1,000 people)",2002,Total,Total,6.406
"Fertility rate, total (births per woman)",2002,Total,Total,2.31
"Hospital beds (per 1,000 people)",2002,Total,Total,3
"Incidence of HIV, all (per 1,000 uninfected population)",2002,Total,Total,0.1
"Incidence of malaria (per 1,000 population at risk)",2002,Total,Total,9.09
"Incidence of tuberculosis (per 100,000 people)",2002,Total,Total,66
"Life expectancy at birth, female (years)",2002,Total,Female,76.734
"Life expectancy at birth, male (years)",2002,Total,Male,68.314
"Life expectancy at birth, total (years)",2002,Total,Total,72.271
"Maternal mortality ratio (modeled estimate, per 100,000 live births)",2002,Reproductive Age,Total,36
"Mortality rate, adult, female (per 1,000 female adults)",2002,Adult,Female,86.295
"Mortality rate, adult, male (per 1,000 male adults)",2002,Adult,Male,217.328
"Mortality rate, infant (per 1,000 live births)",2002,0-1,Total,12.4
"Mortality rate, infant, female (per 1,000 live births)",2002,0-1,Female,11.1
"Mortality rate, infant, male (per 1,000 live births)",2002,0-1,Male,13.6
Number of maternal deaths,2002,Reproductive Age,Total,140
"Nurses and midwives (per 1,000 people)",2002,Total,Total,1.06
Population ages 0-14 (% of total population),2002,Total,Total,26.32924264
Population ages 15-64 (% of total population),2002,Total,Total,67.31974883
Population ages 65 and above (% of total population),2002,Total,Total,6.351008535
"Population, female",2002,Total,Female,9985021
"Population, female (% of total population)",2002,Total,Female,50.41475325
"Population, male",2002,Total,Male,9820731
"Population, male (% of total population)",2002,Total,Male,49.58524675
"Population, total",2002,Total,Total,19293054
"Prevalence of HIV, female (% ages 15-24)",2002,15-24,Female,0.1
"Prevalence of HIV, male (% ages 15-24)",2002,15-24,Male,0.1
Sex ratio at birth (male births per female births),2002,Total,Female,1.045
"Suicide mortality rate (per 100,000 population)",2002,Total,Total,29.95
"Suicide mortality rate, female (per 100,000 female population)",2002,Total,Female,11.62
"Suicide mortality rate, male (per 100,000 male population)",2002,Total,Male,48.59
"Survival to age 65, female (% of cohort)",2002,Total,Female,85.454525
"Survival to age 65, male (% of cohort)",2002,Total,Male,67.921552
Age dependency ratio (% of working-age population),2003,Total,Total,48.26696929
"Age dependency ratio, old (% of working-age population)",2003,Total,Total,9.549128881
"Age dependency ratio, young (% of working-age population)",2003,Total,Total,38.71784041
"Birth rate, crude (per 1,000 people)",2003,Total,Total,19.093
Current health expenditure (% of GDP),2003,Total,Total,3.64646697
"Death rate, crude (per 1,000 people)",2003,Total,Total,6.462
"Fertility rate, total (births per woman)",2003,Total,Total,2.301
"Hospital beds (per 1,000 people)",2003,Total,Total,3.19
"Incidence of HIV, all (per 1,000 uninfected population)",2003,Total,Total,0.1
"Incidence of malaria (per 1,000 population at risk)",2003,Total,Total,2.29
"Incidence of tuberculosis (per 100,000 people)",2003,Total,Total,66
"Life expectancy at birth, female (years)",2003,Total,Female,76.624
"Life expectancy at birth, male (years)",2003,Total,Male,68.659
"Life expectancy at birth, total (years)",2003,Total,Total,72.442
"Maternal mortality ratio (modeled estimate, per 100,000 live births)",2003,Reproductive Age,Total,35
"Mortality rate, adult, female (per 1,000 female adults)",2003,Adult,Female,87.118
"Mortality rate, adult, male (per 1,000 male adults)",2003,Adult,Male,212.419
"Mortality rate, infant (per 1,000 live births)",2003,0-1,Total,12.1
"Mortality rate, infant, female (per 1,000 live births)",2003,0-1,Female,10.9
"Mortality rate, infant, male (per 1,000 live births)",2003,0-1,Male,13.3
Number of maternal deaths,2003,Reproductive Age,Total,130
Population ages 0-14 (% of total population),2003,Total,Total,26.1135974
Population ages 15-64 (% of total population),2003,Total,Total,67.44590632
Population ages 65 and above (% of total population),2003,Total,Total,6.44049628
"Population, female",2003,Total,Female,10079929
"Population, female (% of total population)",2003,Total,Female,50.52211054
"Population, male",2003,Total,Male,9871592
"Population, male (% of total population)",2003,Total,Male,49.47788946
"Population, total",2003,Total,Total,19293054
"Prevalence of HIV, female (% ages 15-24)",2003,15-24,Female,0.1
"Prevalence of HIV, male (% ages 15-24)",2003,15-24,Male,0.1
Sex ratio at birth (male births per female births),2003,Total,Female,1.046
"Suicide mortality rate (per 100,000 population)",2003,Total,Total,28.19
"Suicide mortality rate, female (per 100,000 female population)",2003,Total,Female,11.17
"Suicide mortality rate, male (per 100,000 male population)",2003,Total,Male,45.57
"Survival to age 65, female (% of cohort)",2003,Total,Female,85.343675
"Survival to age 65, male (% of cohort)",2003,Total,Male,68.581598
Age dependency ratio (% of working-age population),2004,Total,Total,48.1075839
"Age dependency ratio, old (% of working-age population)",2004,Total,Total,9.66662088
"Age dependency ratio, young (% of working-age population)",2004,Total,Total,38.44096302
"Birth rate, crude (per 1,000 people)",2004,Total,Total,18.826
Current health expenditure (% of GDP),2004,Total,Total,4.03912592
"Death rate, crude (per 1,000 people)",2004,Total,Total,8.246
"Fertility rate, total (births per woman)",2004,Total,Total,2.271
"Hospital beds (per 1,000 people)",2004,Total,Total,2.95
"Incidence of HIV, all (per 1,000 uninfected population)",2004,Total,Total,0.1
"Incidence of malaria (per 1,000 population at risk)",2004,Total,Total,0.81
"Incidence of tuberculosis (per 100,000 people)",2004,Total,Total,66
"Life expectancy at birth, female (years)",2004,Total,Female,71.037
"Life expectancy at birth, male (years)",2004,Total,Male,65.22
"Life expectancy at birth, total (years)",2004,Total,Total,68.022
"Maternal mortality ratio (modeled estimate, per 100,000 live births)",2004,Reproductive Age,Total,37
"Mortality rate, adult, female (per 1,000 female adults)",2004,Adult,Female,156.949
"Mortality rate, adult, male (per 1,000 male adults)",2004,Adult,Male,252.386
"Mortality rate, infant (per 1,000 live births)",2004,0-1,Total,16.7
"Mortality rate, infant, female (per 1,000 live births)",2004,0-1,Female,15.6
"Mortality rate, infant, male (per 1,000 live births)",2004,0-1,Male,17.8
Number of maternal deaths,2004,Reproductive Age,Total,140
"Nurses and midwives (per 1,000 people)",2004,Total,Total,1.705
"Physicians (per 1,000 people)",2004,Total,Total,0.538
Population ages 0-14 (% of total population),2004,Total,Total,25.95475668
Population ages 15-64 (% of total population),2004,Total,Total,67.51848715
Population ages 65 and above (% of total population),2004,Total,Total,6.526756176
"Population, female",2004,Total,Female,10169173
"Population, female (% of total population)",2004,Total,Female,50.62412116
"Population, male",2004,Total,Male,9918432
"Population, male (% of total population)",2004,Total,Male,49.37587884
"Population, total",2004,Total,Total,19293054
"Prevalence of HIV, female (% ages 15-24)",2004,15-24,Female,0.1
"Prevalence of HIV, male (% ages 15-24)",2004,15-24,Male,0.1
Sex ratio at birth (male births per female births),2004,Total,Female,1.046
"Suicide mortality rate (per 100,000 population)",2004,Total,Total,25.18
"Suicide mortality rate, female (per 100,000 female population)",2004,Total,Female,10.16
"Suicide mortality rate, male (per 100,000 male population)",2004,Total,Male,40.57
"Survival to age 65, female (% of cohort)",2004,Total,Female,75.205044
"Survival to age 65, male (% of cohort)",2004,Total,Male,62.716827
Age dependency ratio (% of working-age population),2005,Total,Total,48.05777707
"Age dependency ratio, old (% of working-age population)",2005,Total,Total,9.803337116
"Age dependency ratio, young (% of working-age population)",2005,Total,Total,38.25443995
"Birth rate, crude (per 1,000 people)",2005,Total,Total,18.716
Current health expenditure (% of GDP),2005,Total,Total,3.87908745
"Death rate, crude (per 1,000 people)",2005,Total,Total,6.415
"Fertility rate, total (births per woman)",2005,Total,Total,2.263
"Hospital beds (per 1,000 people)",2005,Total,Total,3.13
"Incidence of HIV, all (per 1,000 uninfected population)",2005,Total,Total,0.1
"Incidence of malaria (per 1,000 population at risk)",2005,Total,Total,0.35
"Incidence of tuberculosis (per 100,000 people)",2005,Total,Total,66
"Life expectancy at birth, female (years)",2005,Total,Female,77.061
"Life expectancy at birth, male (years)",2005,Total,Male,69.391
"Life expectancy at birth, total (years)",2005,Total,Total,73.073
"Maternal mortality ratio (modeled estimate, per 100,000 live births)",2005,Reproductive Age,Total,32
"Mortality rate, adult, female (per 1,000 female adults)",2005,Adult,Female,83.528
"Mortality rate, adult, male (per 1,000 male adults)",2005,Adult,Male,202.607
"Mortality rate, infant (per 1,000 live births)",2005,0-1,Total,11.2
"Mortality rate, infant, female (per 1,000 live births)",2005,0-1,Female,10.1
"Mortality rate, infant, male (per 1,000 live births)",2005,0-1,Male,12.3
Number of maternal deaths,2005,Reproductive Age,Total,120
"Nurses and midwives (per 1,000 people)",2005,Total,Total,1.399
"Physicians (per 1,000 people)",2005,Total,Total,0.518
Population ages 0-14 (% of total population),2005,Total,Total,25.83750733
Population ages 15-64 (% of total population),2005,Total,Total,67.54119879
Population ages 65 and above (% of total population),2005,Total,Total,6.621293883
"Population, female",2005,Total,Female,10254513
"Population, female (% of total population)",2005,Total,Female,50.72342308
"Population, male",2005,Total,Male,9962011
"Population, male (% of total population)",2005,Total,Male,49.27657692
"Population, total",2005,Total,Total,19293054
"Prevalence of HIV, female (% ages 15-24)",2005,15-24,Female,0.1
"Prevalence of HIV, male (% ages 15-24)",2005,15-24,Male,0.1
Sex ratio at birth (male births per female births),2005,Total,Female,1.047
"Suicide mortality rate (per 100,000 population)",2005,Total,Total,25.4
"Suicide mortality rate, female (per 100,000 female population)",2005,Total,Female,9.7
"Suicide mortality rate, male (per 100,000 male population)",2005,Total,Male,41.57
"Survival to age 65, female (% of cohort)",2005,Total,Female,85.962054
"Survival to age 65, male (% of cohort)",2005,Total,Male,69.929219
Age dependency ratio (% of working-age population),2006,Total,Total,48.10686183
"Age dependency ratio, old (% of working-age population)",2006,Total,Total,9.976387941
"Age dependency ratio, young (% of working-age population)",2006,Total,Total,38.13047389
"Birth rate, crude (per 1,000 people)",2006,Total,Total,18.852
Current health expenditure (% of GDP),2006,Total,Total,3.85019565
"Death rate, crude (per 1,000 people)",2006,Total,Total,6.632
"Fertility rate, total (births per woman)",2006,Total,Total,2.292
"Hospital beds (per 1,000 people)",2006,Total,Total,3.37
"Incidence of HIV, all (per 1,000 uninfected population)",2006,Total,Total,0.1
"Incidence of malaria (per 1,000 population at risk)",2006,Total,Total,0.13
"Incidence of tuberculosis (per 100,000 people)",2006,Total,Total,66
"Life expectancy at birth, female (years)",2006,Total,Female,77.173
"Life expectancy at birth, male (years)",2006,Total,Male,68.823
"Life expectancy at birth, total (years)",2006,Total,Total,72.825
"Maternal mortality ratio (modeled estimate, per 100,000 live births)",2006,Reproductive Age,Total,32
"Mortality rate, adult, female (per 1,000 female adults)",2006,Adult,Female,83.41
"Mortality rate, adult, male (per 1,000 male adults)",2006,Adult,Male,217.215
"Mortality rate, infant (per 1,000 live births)",2006,0-1,Total,10.7
"Mortality rate, infant, female (per 1,000 live births)",2006,0-1,Female,9.6
"Mortality rate, infant, male (per 1,000 live births)",2006,0-1,Male,11.7
Number of maternal deaths,2006,Reproductive Age,Total,120
"Nurses and midwives (per 1,000 people)",2006,Total,Total,1.657
"Physicians (per 1,000 people)",2006,Total,Total,0.517
Population ages 0-14 (% of total population),2006,Total,Total,25.74524709
Population ages 15-64 (% of total population),2006,Total,Total,67.51881632
Population ages 65 and above (% of total population),2006,Total,Total,6.735936592
"Population, female",2006,Total,Female,10344264
"Population, female (% of total population)",2006,Total,Female,50.82574246
"Population, male",2006,Total,Male,10008147
"Population, male (% of total population)",2006,Total,Male,49.17425754
"Population, total",2006,Total,Total,19293054
"Prevalence of HIV, female (% ages 15-24)",2006,15-24,Female,0.1
"Prevalence of HIV, male (% ages 15-24)",2006,15-24,Male,0.1
Sex ratio at birth (male births per female births),2006,Total,Female,1.047
"Suicide mortality rate (per 100,000 population)",2006,Total,Total,24.14
"Suicide mortality rate, female (per 100,000 female population)",2006,Total,Female,9.01
"Suicide mortality rate, male (per 100,000 male population)",2006,Total,Male,39.78
"Survival to age 65, female (% of cohort)",2006,Total,Female,86.068395
"Survival to age 65, male (% of cohort)",2006,Total,Male,68.686679
Age dependency ratio (% of working-age population),2007,Total,Total,48.22794495
"Age dependency ratio, old (% of working-age population)",2007,Total,Total,10.18483009
"Age dependency ratio, young (% of working-age population)",2007,Total,Total,38.04311487
"Birth rate, crude (per 1,000 people)",2007,Total,Total,18.81
Current health expenditure (% of GDP),2007,Total,Total,3.82258177
"Death rate, crude (per 1,000 people)",2007,Total,Total,6.694
"Fertility rate, total (births per woman)",2007,Total,Total,2.295
"Hospital beds (per 1,000 people)",2007,Total,Total,3.42
"Incidence of HIV, all (per 1,000 uninfected population)",2007,Total,Total,0.1
"Incidence of malaria (per 1,000 population at risk)",2007,Total,Total,0.04
"Incidence of tuberculosis (per 100,000 people)",2007,Total,Total,66
"Life expectancy at birth, female (years)",2007,Total,Female,77.34
"Life expectancy at birth, male (years)",2007,Total,Male,68.954
"Life expectancy at birth, total (years)",2007,Total,Total,72.983
"Maternal mortality ratio (modeled estimate, per 100,000 live births)",2007,Reproductive Age,Total,31
"Mortality rate, adult, female (per 1,000 female adults)",2007,Adult,Female,82.031
"Mortality rate, adult, male (per 1,000 male adults)",2007,Adult,Male,216.034
"Mortality rate, infant (per 1,000 live births)",2007,0-1,Total,10.2
"Mortality rate, infant, female (per 1,000 live births)",2007,0-1,Female,9.1
"Mortality rate, infant, male (per 1,000 live births)",2007,0-1,Male,11.1
Number of maternal deaths,2007,Reproductive Age,Total,120
"Nurses and midwives (per 1,000 people)",2007,Total,Total,2.026
"Physicians (per 1,000 people)",2007,Total,Total,0.549
Population ages 0-14 (% of total population),2007,Total,Total,25.6652773
Population ages 15-64 (% of total population),2007,Total,Total,67.46366301
Population ages 65 and above (% of total population),2007,Total,Total,6.871059695
"Population, female",2007,Total,Female,10437686
"Population, female (% of total population)",2007,Total,Female,50.93406407
"Population, male",2007,Total,Male,10054859
"Population, male (% of total population)",2007,Total,Male,49.06593593
"Population, total",2007,Total,Total,19293054
"Prevalence of HIV, female (% ages 15-24)",2007,15-24,Female,0.1
"Prevalence of HIV, male (% ages 15-24)",2007,15-24,Male,0.1
Sex ratio at birth (male births per female births),2007,Total,Female,1.047
"Suicide mortality rate (per 100,000 population)",2007,Total,Total,22.03
"Suicide mortality rate, female (per 100,000 female population)",2007,Total,Female,8.29
"Suicide mortality rate, male (per 100,000 male population)",2007,Total,Male,36.29
"Survival to age 65, female (% of cohort)",2007,Total,Female,86.298808
"Survival to age 65, male (% of cohort)",2007,Total,Male,68.87988
Age dependency ratio (% of working-age population),2008,Total,Total,48.40972708
"Age dependency ratio, old (% of working-age population)",2008,Total,Total,10.4358133
"Age dependency ratio, young (% of working-age population)",2008,Total,Total,37.97391378
"Birth rate, crude (per 1,000 people)",2008,Total,Total,18.204
Current health expenditure (% of GDP),2008,Total,Total,3.85482955
"Death rate, crude (per 1,000 people)",2008,Total,Total,6.947
"Fertility rate, total (births per woman)",2008,Total,Total,2.232
"Hospital beds (per 1,000 people)",2008,Total,Total,3.35
"Incidence of HIV, all (per 1,000 uninfected population)",2008,Total,Total,0.1
"Incidence of malaria (per 1,000 population at risk)",2008,Total,Total,0.14
"Incidence of tuberculosis (per 100,000 people)",2008,Total,Total,66
"Life expectancy at birth, female (years)",2008,Total,Female,77.69
"Life expectancy at birth, male (years)",2008,Total,Male,67.879
"Life expectancy at birth, total (years)",2008,Total,Total,72.556
"Maternal mortality ratio (modeled estimate, per 100,000 live births)",2008,Reproductive Age,Total,30
"Mortality rate, adult, female (per 1,000 female adults)",2008,Adult,Female,80.51
"Mortality rate, adult, male (per 1,000 male adults)",2008,Adult,Male,241.268
"Mortality rate, infant (per 1,000 live births)",2008,0-1,Total,9.7
"Mortality rate, infant, female (per 1,000 live births)",2008,0-1,Female,8.7
"Mortality rate, infant, male (per 1,000 live births)",2008,0-1,Male,10.7
Number of maternal deaths,2008,Reproductive Age,Total,110
"Nurses and midwives (per 1,000 people)",2008,Total,Total,1.482
"Physicians (per 1,000 people)",2008,Total,Total,0.615
Population ages 0-14 (% of total population),2008,Total,Total,25.58721354
Population ages 15-64 (% of total population),2008,Total,Total,67.38102816
Population ages 65 and above (% of total population),2008,Total,Total,7.031758301
"Population, female",2008,Total,Female,10531352
"Population, female (% of total population)",2008,Total,Female,51.05026434
"Population, male",2008,Total,Male,10098026
"Population, male (% of total population)",2008,Total,Male,48.94973566
"Population, total",2008,Total,Total,19293054
"Prevalence of HIV, female (% ages 15-24)",2008,15-24,Female,0.1
"Prevalence of HIV, male (% ages 15-24)",2008,15-24,Male,0.1
Sex ratio at birth (male births per female births),2008,Total,Female,1.047
"Suicide mortality rate (per 100,000 population)",2008,Total,Total,21.23
"Suicide mortality rate, female (per 100,000 female population)",2008,Total,Female,7.83
"Suicide mortality rate, male (per 100,000 male population)",2008,Total,Male,35.21
"Survival to age 65, female (% of cohort)",2008,Total,Female,86.637068
"Survival to age 65, male (% of cohort)",2008,Total,Male,66.616335
Age dependency ratio (% of working-age population),2009,Total,Total,48.639674
"Age dependency ratio, old (% of working-age population)",2009,Total,Total,10.72416067
"Age dependency ratio, young (% of working-age population)",2009,Total,Total,37.91551334
"Birth rate, crude (per 1,000 people)",2009,Total,Total,17.628
Current health expenditure (% of GDP),2009,Total,Total,4.05676842
"Death rate, crude (per 1,000 people)",2009,Total,Total,7.984
"Fertility rate, total (births per woman)",2009,Total,Total,2.179
"Hospital beds (per 1,000 people)",2009,Total,Total,3.46
"Incidence of HIV, all (per 1,000 uninfected population)",2009,Total,Total,0.1
"Incidence of malaria (per 1,000 population at risk)",2009,Total,Total,0.11
"Incidence of tuberculosis (per 100,000 people)",2009,Total,Total,66
"Life expectancy at birth, female (years)",2009,Total,Female,75.335
"Life expectancy at birth, male (years)",2009,Total,Male,65.696
"Life expectancy at birth, total (years)",2009,Total,Total,70.298
"Maternal mortality ratio (modeled estimate, per 100,000 live births)",2009,Reproductive Age,Total,28
"Mortality rate, adult, female (per 1,000 female adults)",2009,Adult,Female,99.972
"Mortality rate, adult, male (per 1,000 male adults)",2009,Adult,Male,268.235
"Mortality rate, infant (per 1,000 live births)",2009,0-1,Total,13
"Mortality rate, infant, female (per 1,000 live births)",2009,0-1,Female,12.1
"Mortality rate, infant, male (per 1,000 live births)",2009,0-1,Male,13.9
Number of maternal deaths,2009,Reproductive Age,Total,100
"Nurses and midwives (per 1,000 people)",2009,Total,Total,1.528
"Physicians (per 1,000 people)",2009,Total,Total,0.671
Population ages 0-14 (% of total population),2009,Total,Total,25.50834235
Population ages 15-64 (% of total population),2009,Total,Total,67.27678669
Population ages 65 and above (% of total population),2009,Total,Total,7.214870954
"Population, female",2009,Total,Female,10622449
"Population, female (% of total population)",2009,Total,Female,51.17665672
"Population, male",2009,Total,Male,10133986
"Population, male (% of total population)",2009,Total,Male,48.82334328
"Population, total",2009,Total,Total,19293054
"Prevalence of HIV, female (% ages 15-24)",2009,15-24,Female,0.1
"Prevalence of HIV, male (% ages 15-24)",2009,15-24,Male,0.1
Sex ratio at birth (male births per female births),2009,Total,Female,1.046
"Suicide mortality rate (per 100,000 population)",2009,Total,Total,18.99
"Suicide mortality rate, female (per 100,000 female population)",2009,Total,Female,8.09
"Suicide mortality rate, male (per 100,000 male population)",2009,Total,Male,30.41
"Survival to age 65, female (% of cohort)",2009,Total,Female,82.906732
"Survival to age 65, male (% of cohort)",2009,Total,Male,62.686523
Age dependency ratio (% of working-age population),2010,Total,Total,48.91315395
"Age dependency ratio, old (% of working-age population)",2010,Total,Total,11.06011611
"Age dependency ratio, young (% of working-age population)",2010,Total,Total,37.85303784
"Birth rate, crude (per 1,000 people)",2010,Total,Total,17.147
"Cause of death, by communicable diseases and maternal, prenatal and nutrition conditions (% of total)",2010,Reproductive Age,Total,8.266989581
"Cause of death, by non-communicable diseases (% of total)",2010,Total,Total,75.96775357
Current health expenditure (% of GDP),2010,Total,Total,3.7414515
"Death rate, crude (per 1,000 people)",2010,Total,Total,6.403
"Fertility rate, total (births per woman)",2010,Total,Total,2.134
"Hospital beds (per 1,000 people)",2010,Total,Total,3.51
"Incidence of HIV, all (per 1,000 uninfected population)",2010,Total,Total,0.1
"Incidence of malaria (per 1,000 population at risk)",2010,Total,Total,0.14
"Incidence of tuberculosis (per 100,000 people)",2010,Total,Total,66
"Life expectancy at birth, female (years)",2010,Total,Female,78.2
"Life expectancy at birth, male (years)",2010,Total,Male,70.862
"Life expectancy at birth, total (years)",2010,Total,Total,74.463
"Maternal mortality ratio (modeled estimate, per 100,000 live births)",2010,Reproductive Age,Total,26
"Mortality rate, adult, female (per 1,000 female adults)",2010,Adult,Female,73.798
"Mortality rate, adult, male (per 1,000 male adults)",2010,Adult,Male,181.58
"Mortality rate, infant (per 1,000 live births)",2010,0-1,Total,9.1
"Mortality rate, infant, female (per 1,000 live births)",2010,0-1,Female,8.2
"Mortality rate, infant, male (per 1,000 live births)",2010,0-1,Male,10
Number of maternal deaths,2010,Reproductive Age,Total,93
"Nurses and midwives (per 1,000 people)",2010,Total,Total,1.711
"Physicians (per 1,000 people)",2010,Total,Total,0.71
Population ages 0-14 (% of total population),2010,Total,Total,25.41954057
Population ages 15-64 (% of total population),2010,Total,Total,67.15323164
Population ages 65 and above (% of total population),2010,Total,Total,7.427227788
"Population, female",2010,Total,Female,10710896
"Population, female (% of total population)",2010,Total,Female,51.29963285
"Population, male",2010,Total,Male,10168193
"Population, male (% of total population)",2010,Total,Male,48.70036715
"Population, total",2010,Total,Total,19293054
"Prevalence of HIV, female (% ages 15-24)",2010,15-24,Female,0.1
"Prevalence of HIV, male (% ages 15-24)",2010,15-24,Male,0.1
Sex ratio at birth (male births per female births),2010,Total,Female,1.045
"Suicide mortality rate (per 100,000 population)",2010,Total,Total,17.34
"Suicide mortality rate, female (per 100,000 female population)",2010,Total,Female,7.58
"Suicide mortality rate, male (per 100,000 male population)",2010,Total,Male,27.61
"Survival to age 65, female (% of cohort)",2010,Total,Female,87.481604
"Survival to age 65, male (% of cohort)",2010,Total,Male,72.546589
Age dependency ratio (% of working-age population),2011,Total,Total,49.23949407
"Age dependency ratio, old (% of working-age population)",2011,Total,Total,11.46166499
"Age dependency ratio, young (% of working-age population)",2011,Total,Total,37.77782908
"Birth rate, crude (per 1,000 people)",2011,Total,Total,17.091
Current health expenditure (% of GDP),2011,Total,Total,3.5819521
"Death rate, crude (per 1,000 people)",2011,Total,Total,6.407
"Fertility rate, total (births per woman)",2011,Total,Total,2.144
"Hospital beds (per 1,000 people)",2011,Total,Total,3.54
"Incidence of HIV, all (per 1,000 uninfected population)",2011,Total,Total,0.1
"Incidence of malaria (per 1,000 population at risk)",2011,Total,Total,0.03
"Incidence of tuberculosis (per 100,000 people)",2011,Total,Total,66
"Life expectancy at birth, female (years)",2011,Total,Female,78.342
"Life expectancy at birth, male (years)",2011,Total,Male,71.224
"Life expectancy at birth, total (years)",2011,Total,Total,74.74
"Maternal mortality ratio (modeled estimate, per 100,000 live births)",2011,Reproductive Age,Total,25
"Mortality rate, adult, female (per 1,000 female adults)",2011,Adult,Female,72.729
"Mortality rate, adult, male (per 1,000 male adults)",2011,Adult,Male,176.009
"Mortality rate, infant (per 1,000 live births)",2011,0-1,Total,8.9
"Mortality rate, infant, female (per 1,000 live births)",2011,0-1,Female,7.9
"Mortality rate, infant, male (per 1,000 live births)",2011,0-1,Male,9.8
Number of maternal deaths,2011,Reproductive Age,Total,91
"Nurses and midwives (per 1,000 people)",2011,Total,Total,1.783
"Physicians (per 1,000 people)",2011,Total,Total,0.723
Population ages 0-14 (% of total population),2011,Total,Total,25.31356252
Population ages 15-64 (% of total population),2011,Total,Total,67.00638934
Population ages 65 and above (% of total population),2011,Total,Total,7.680048139
"Population, female",2011,Total,Female,10799994
"Population, female (% of total population)",2011,Total,Female,51.40639405
"Population, male",2011,Total,Male,10209054
"Population, male (% of total population)",2011,Total,Male,48.59360595
"Population, total",2011,Total,Total,19293054
"Prevalence of HIV, female (% ages 15-24)",2011,15-24,Female,0.1
"Prevalence of HIV, male (% ages 15-24)",2011,15-24,Male,0.1
Sex ratio at birth (male births per female births),2011,Total,Female,1.044
"Suicide mortality rate (per 100,000 population)",2011,Total,Total,18.15
"Suicide mortality rate, female (per 100,000 female population)",2011,Total,Female,7.76
"Suicide mortality rate, male (per 100,000 male population)",2011,Total,Male,29.15
"Survival to age 65, female (% of cohort)",2011,Total,Female,87.663192
"Survival to age 65, male (% of cohort)",2011,Total,Male,73.202104
Age dependency ratio (% of working-age population),2012,Total,Total,49.58600291
"Age dependency ratio, old (% of working-age population)",2012,Total,Total,11.92261295
"Age dependency ratio, young (% of working-age population)",2012,Total,Total,37.66338996
"Birth rate, crude (per 1,000 people)",2012,Total,Total,17.148
Current health expenditure (% of GDP),2012,Total,Total,3.30659294
"Death rate, crude (per 1,000 people)",2012,Total,Total,6.324
"Fertility rate, total (births per woman)",2012,Total,Total,2.173
"Hospital beds (per 1,000 people)",2012,Total,Total,3.62
"Incidence of HIV, all (per 1,000 uninfected population)",2012,Total,Total,0.1
"Incidence of malaria (per 1,000 population at risk)",2012,Total,Total,0
"Incidence of tuberculosis (per 100,000 people)",2012,Total,Total,66
"Life expectancy at birth, female (years)",2012,Total,Female,78.624
"Life expectancy at birth, male (years)",2012,Total,Male,71.778
"Life expectancy at birth, total (years)",2012,Total,Total,75.187
"Maternal mortality ratio (modeled estimate, per 100,000 live births)",2012,Reproductive Age,Total,24
"Mortality rate, adult, female (per 1,000 female adults)",2012,Adult,Female,70.402
"Mortality rate, adult, male (per 1,000 male adults)",2012,Adult,Male,167.921
"Mortality rate, infant (per 1,000 live births)",2012,0-1,Total,8.5
"Mortality rate, infant, female (per 1,000 live births)",2012,0-1,Female,7.6
"Mortality rate, infant, male (per 1,000 live births)",2012,0-1,Male,9.4
Number of maternal deaths,2012,Reproductive Age,Total,88
"Nurses and midwives (per 1,000 people)",2012,Total,Total,1.79
"Physicians (per 1,000 people)",2012,Total,Total,0.747
Population ages 0-14 (% of total population),2012,Total,Total,25.17841978
Population ages 15-64 (% of total population),2012,Total,Total,66.85117541
Population ages 65 and above (% of total population),2012,Total,Total,7.970404816
"Population, female",2012,Total,Female,10894417
"Population, female (% of total population)",2012,Total,Female,51.4628977
"Population, male",2012,Total,Male,10275041
"Population, male (% of total population)",2012,Total,Male,48.5371023
"Population, total",2012,Total,Total,19293054
"Prevalence of HIV, female (% ages 15-24)",2012,15-24,Female,0.1
"Prevalence of HIV, male (% ages 15-24)",2012,15-24,Male,0.1
Sex ratio at birth (male births per female births),2012,Total,Female,1.043
"Suicide mortality rate (per 100,000 population)",2012,Total,Total,17.08
"Suicide mortality rate, female (per 100,000 female population)",2012,Total,Female,7.14
"Suicide mortality rate, male (per 100,000 male population)",2012,Total,Male,27.62
"Survival to age 65, female (% of cohort)",2012,Total,Female,88.037815
"Survival to age 65, male (% of cohort)",2012,Total,Male,74.221511
Age dependency ratio (% of working-age population),2013,Total,Total,49.96845453
"Age dependency ratio, old (% of working-age population)",2013,Total,Total,12.43588548
"Age dependency ratio, young (% of working-age population)",2013,Total,Total,37.53256905
"Birth rate, crude (per 1,000 people)",2013,Total,Total,17.028
Current health expenditure (% of GDP),2013,Total,Total,3.69365358
"Death rate, crude (per 1,000 people)",2013,Total,Total,6.291
"Fertility rate, total (births per woman)",2013,Total,Total,2.178
"Hospital beds (per 1,000 people)",2013,Total,Total,3.7
"Incidence of HIV, all (per 1,000 uninfected population)",2013,Total,Total,0.1
"Incidence of malaria (per 1,000 population at risk)",2013,Total,Total,0
"Incidence of tuberculosis (per 100,000 people)",2013,Total,Total,66
"Life expectancy at birth, female (years)",2013,Total,Female,78.934
"Life expectancy at birth, male (years)",2013,Total,Male,72.164
"Life expectancy at birth, total (years)",2013,Total,Total,75.546
"Maternal mortality ratio (modeled estimate, per 100,000 live births)",2013,Reproductive Age,Total,23
"Mortality rate, adult, female (per 1,000 female adults)",2013,Adult,Female,67.996
"Mortality rate, adult, male (per 1,000 male adults)",2013,Adult,Male,162.232
"Mortality rate, infant (per 1,000 live births)",2013,0-1,Total,8.1
"Mortality rate, infant, female (per 1,000 live births)",2013,0-1,Female,7.2
"Mortality rate, infant, male (per 1,000 live births)",2013,0-1,Male,9
Number of maternal deaths,2013,Reproductive Age,Total,85
"Nurses and midwives (per 1,000 people)",2013,Total,Total,1.799
"Physicians (per 1,000 people)",2013,Total,Total,0.781
Population ages 0-14 (% of total population),2013,Total,Total,25.02697597
Population ages 15-64 (% of total population),2013,Total,Total,66.68068897
Population ages 65 and above (% of total population),2013,Total,Total,8.292335061
"Population, female",2013,Total,Female,10596380
"Population, female (% of total population)",2013,Total,Female,51.47621864
"Population, male",2013,Total,Male,9988620
"Population, male (% of total population)",2013,Total,Male,48.52378136
"Population, total",2013,Total,Total,19293054
"Prevalence of HIV, female (% ages 15-24)",2013,15-24,Female,0.1
"Prevalence of HIV, male (% ages 15-24)",2013,15-24,Male,0.1
Sex ratio at birth (male births per female births),2013,Total,Female,1.043
"Suicide mortality rate (per 100,000 population)",2013,Total,Total,16
"Suicide mortality rate, female (per 100,000 female population)",2013,Total,Female,6.68
"Suicide mortality rate, male (per 100,000 male population)",2013,Total,Male,25.9
"Survival to age 65, female (% of cohort)",2013,Total,Female,88.431238
"Survival to age 65, male (% of cohort)",2013,Total,Male,74.927912
Age dependency ratio (% of working-age population),2014,Total,Total,50.39382292
"Age dependency ratio, old (% of working-age population)",2014,Total,Total,12.98752501
"Age dependency ratio, young (% of working-age population)",2014,Total,Total,37.40629791
"Birth rate, crude (per 1,000 people)",2014,Total,Total,16.522
Current health expenditure (% of GDP),2014,Total,Total,3.46786141
"Death rate, crude (per 1,000 people)",2014,Total,Total,6.341
"Fertility rate, total (births per woman)",2014,Total,Total,2.134
"Hospital beds (per 1,000 people)",2014,Total,Total,3.77
"Incidence of HIV, all (per 1,000 uninfected population)",2014,Total,Total,0.1
"Incidence of malaria (per 1,000 population at risk)",2014,Total,Total,0
"Incidence of tuberculosis (per 100,000 people)",2014,Total,Total,65
"Life expectancy at birth, female (years)",2014,Total,Female,79.194
"Life expectancy at birth, male (years)",2014,Total,Male,72.325
"Life expectancy at birth, total (years)",2014,Total,Total,75.757
"Maternal mortality ratio (modeled estimate, per 100,000 live births)",2014,Reproductive Age,Total,23
"Mortality rate, adult, female (per 1,000 female adults)",2014,Adult,Female,66.179
"Mortality rate, adult, male (per 1,000 male adults)",2014,Adult,Male,159.64
"Mortality rate, infant (per 1,000 live births)",2014,0-1,Total,7.7
"Mortality rate, infant, female (per 1,000 live births)",2014,0-1,Female,6.8
"Mortality rate, infant, male (per 1,000 live births)",2014,0-1,Male,8.6
Number of maternal deaths,2014,Reproductive Age,Total,81
"Nurses and midwives (per 1,000 people)",2014,Total,Total,1.873
"Physicians (per 1,000 people)",2014,Total,Total,0.819
Population ages 0-14 (% of total population),2014,Total,Total,24.87223086
Population ages 15-64 (% of total population),2014,Total,Total,66.49209308
Population ages 65 and above (% of total population),2014,Total,Total,8.635676063
Population by Age and Gender,2014,0-4,Female,883
Population by Age and Gender,2014,0-4,Male,898
Population by Age and Gender,2014,5-9,Female,884
Population by Age and Gender,2014,5-9,Male,900
Population by Age and Gender,2014,10-14,Female,828
Population by Age and Gender,2014,10-14,Male,846
Population by Age and Gender,2014,15-19,Female,841
Population by Age and Gender,2014,15-19,Male,837
Population by Age and Gender,2014,20-24,Female,807
Population by Age and Gender,2014,20-24,Male,757
Population by Age and Gender,2014,25-29,Female,826
Population by Age and Gender,2014,25-29,Male,759
Population by Age and Gender,2014,30-34,Female,860
Population by Age and Gender,2014,30-34,Male,813
Population by Age and Gender,2014,35-39,Female,738
Population by Age and Gender,2014,35-39,Male,700
Population by Age and Gender,2014,40-44,Female,712
Population by Age and Gender,2014,40-44,Male,675
Population by Age and Gender,2014,45-49,Female,681
Population by Age and Gender,2014,45-49,Male,631
Population by Age and Gender,2014,50-54,Female,651
Population by Age and Gender,2014,50-54,Male,593
Population by Age and Gender,2014,55-59,Female,575
Population by Age and Gender,2014,55-59,Male,511
Population by Age and Gender,2014,60-64,Female,503
Population by Age and Gender,2014,60-64,Male,434
Population by Age and Gender,2014,65-69,Female,356
Population by Age and Gender,2014,65-69,Male,290
Population by Age and Gender,2014,70-74,Female,235
Population by Age and Gender,2014,70-74,Male,186
Population by Age and Gender,2014,75-79,Female,170
Population by Age and Gender,2014,75-79,Male,119
Population by Age and Gender,2014,80+,Female,169
Population by Age and Gender,2014,80+,Male,110
"Population, female",2014,Total,Female,10698581
"Population, female (% of total population)",2014,Total,Female,51.48994387
"Population, male",2014,Total,Male,10079419
"Population, male (% of total population)",2014,Total,Male,48.51005613
"Population, total",2014,Total,Total,19293054
"Prevalence of HIV, female (% ages 15-24)",2014,15-24,Female,0.1
"Prevalence of HIV, male (% ages 15-24)",2014,15-24,Male,0.1
Sex ratio at birth (male births per female births),2014,Total,Female,1.043
"Suicide mortality rate (per 100,000 population)",2014,Total,Total,15.03
"Suicide mortality rate, female (per 100,000 female population)",2014,Total,Female,6.29
"Suicide mortality rate, male (per 100,000 male population)",2014,Total,Male,24.3
"Survival to age 65, female (% of cohort)",2014,Total,Female,88.762226
"Survival to age 65, male (% of cohort)",2014,Total,Male,75.242073
Age dependency ratio (% of working-age population),2015,Total,Total,50.79186587
"Age dependency ratio, old (% of working-age population)",2015,Total,Total,13.55700914
"Age dependency ratio, young (% of working-age population)",2015,Total,Total,37.23485672
"Birth rate, crude (per 1,000 people)",2015,Total,Total,16.022
"Cause of death, by communicable diseases and maternal, prenatal and nutrition conditions (% of total)",2015,Reproductive Age,Total,9.220567596
"Cause of death, by non-communicable diseases (% of total)",2015,Total,Total,82.67311054
Current health expenditure (% of GDP),2015,Total,Total,3.6826396
"Death rate, crude (per 1,000 people)",2015,Total,Total,6.398
"Fertility rate, total (births per woman)",2015,Total,Total,2.09
"Hospital beds (per 1,000 people)",2015,Total,Total,3.78
"Incidence of HIV, all (per 1,000 uninfected population)",2015,Total,Total,0.1
"Incidence of malaria (per 1,000 population at risk)",2015,Total,Total,0
"Incidence of tuberculosis (per 100,000 people)",2015,Total,Total,65
"Life expectancy at birth, female (years)",2015,Total,Female,79.395
"Life expectancy at birth, male (years)",2015,Total,Male,72.572
"Life expectancy at birth, total (years)",2015,Total,Total,75.99
"Maternal mortality ratio (modeled estimate, per 100,000 live births)",2015,Reproductive Age,Total,22
"Mortality rate, adult, female (per 1,000 female adults)",2015,Adult,Female,64.47
"Mortality rate, adult, male (per 1,000 male adults)",2015,Adult,Male,155.948
"Mortality rate, infant (per 1,000 live births)",2015,0-1,Total,7.4
"Mortality rate, infant, female (per 1,000 live births)",2015,0-1,Female,6.5
"Mortality rate, infant, male (per 1,000 live births)",2015,0-1,Male,8.2
Number of maternal deaths,2015,Reproductive Age,Total,76
"Nurses and midwives (per 1,000 people)",2015,Total,Total,1.921
"Physicians (per 1,000 people)",2015,Total,Total,0.845
Population ages 0-14 (% of total population),2015,Total,Total,24.69288098
Population ages 15-64 (% of total population),2015,Total,Total,66.3165734
Population ages 65 and above (% of total population),2015,Total,Total,8.990545616
Population by Age and Gender,2015,0-4,Female,891
Population by Age and Gender,2015,0-4,Male,907
Population by Age and Gender,2015,5-9,Female,892
Population by Age and Gender,2015,5-9,Male,909
Population by Age and Gender,2015,10-14,Female,836
Population by Age and Gender,2015,10-14,Male,854
Population by Age and Gender,2015,15-19,Female,849
Population by Age and Gender,2015,15-19,Male,845
Population by Age and Gender,2015,20-24,Female,814
Population by Age and Gender,2015,20-24,Male,764
Population by Age and Gender,2015,25-29,Female,834
Population by Age and Gender,2015,25-29,Male,766
Population by Age and Gender,2015,30-34,Female,868
Population by Age and Gender,2015,30-34,Male,821
Population by Age and Gender,2015,35-39,Female,745
Population by Age and Gender,2015,35-39,Male,706
Population by Age and Gender,2015,40-44,Female,719
Population by Age and Gender,2015,40-44,Male,681
Population by Age and Gender,2015,45-49,Female,687
Population by Age and Gender,2015,45-49,Male,637
Population by Age and Gender,2015,50-54,Female,657
Population by Age and Gender,2015,50-54,Male,599
Population by Age and Gender,2015,55-59,Female,580
Population by Age and Gender,2015,55-59,Male,516
Population by Age and Gender,2015,60-64,Female,507
Population by Age and Gender,2015,60-64,Male,438
Population by Age and Gender,2015,65-69,Female,360
Population by Age and Gender,2015,65-69,Male,292
Population by Age and Gender,2015,70-74,Female,237
Population by Age and Gender,2015,70-74,Male,187
Population by Age and Gender,2015,75-79,Female,171
Population by Age and Gender,2015,75-79,Male,120
Population by Age and Gender,2015,80+,Female,170
Population by Age and Gender,2015,80+,Male,111
"Population, female",2015,Total,Female,10800570
"Population, female (% of total population)",2015,Total,Female,51.50486395
"Population, male",2015,Total,Male,10169430
"Population, male (% of total population)",2015,Total,Male,48.49513605
"Population, total",2015,Total,Total,19293054
"Prevalence of HIV, female (% ages 15-24)",2015,15-24,Female,0.1
"Prevalence of HIV, male (% ages 15-24)",2015,15-24,Male,0.1
Sex ratio at birth (male births per female births),2015,Total,Female,1.043
"Suicide mortality rate (per 100,000 population)",2015,Total,Total,14.8
"Suicide mortality rate, female (per 100,000 female population)",2015,Total,Female,6.14
"Suicide mortality rate, male (per 100,000 male population)",2015,Total,Male,23.98
"Survival to age 65, female (% of cohort)",2015,Total,Female,89.036095
"Survival to age 65, male (% of cohort)",2015,Total,Male,75.742566
Age dependency ratio (% of working-age population),2016,Total,Total,51.1118502
"Age dependency ratio, old (% of working-age population)",2016,Total,Total,14.12217153
"Age dependency ratio, young (% of working-age population)",2016,Total,Total,36.98967867
"Birth rate, crude (per 1,000 people)",2016,Total,Total,15.651
Current health expenditure (% of GDP),2016,Total,Total,3.61788416
"Death rate, crude (per 1,000 people)",2016,Total,Total,6.493
"Fertility rate, total (births per woman)",2016,Total,Total,2.062
"Hospital beds (per 1,000 people)",2016,Total,Total,3.81
"Incidence of HIV, all (per 1,000 uninfected population)",2016,Total,Total,0.1
"Incidence of malaria (per 1,000 population at risk)",2016,Total,Total,0
"Incidence of tuberculosis (per 100,000 people)",2016,Total,Total,65
"Life expectancy at birth, female (years)",2016,Total,Female,79.507
"Life expectancy at birth, male (years)",2016,Total,Male,72.738
"Life expectancy at birth, total (years)",2016,Total,Total,76.136
"Maternal mortality ratio (modeled estimate, per 100,000 live births)",2016,Reproductive Age,Total,22
"Mortality rate, adult, female (per 1,000 female adults)",2016,Adult,Female,63.475
"Mortality rate, adult, male (per 1,000 male adults)",2016,Adult,Male,153.107
"Mortality rate, infant (per 1,000 live births)",2016,0-1,Total,7
"Mortality rate, infant, female (per 1,000 live births)",2016,0-1,Female,6.2
"Mortality rate, infant, male (per 1,000 live births)",2016,0-1,Male,7.8
Number of maternal deaths,2016,Reproductive Age,Total,74
"Nurses and midwives (per 1,000 people)",2016,Total,Total,1.911
"Physicians (per 1,000 people)",2016,Total,Total,0.876
Population ages 0-14 (% of total population),2016,Total,Total,24.47834279
Population ages 15-64 (% of total population),2016,Total,Total,66.1761492
Population ages 65 and above (% of total population),2016,Total,Total,9.345508014
Population by Age and Gender,2016,0-4,Female,901
Population by Age and Gender,2016,0-4,Male,917
Population by Age and Gender,2016,5-9,Female,902
Population by Age and Gender,2016,5-9,Male,920
Population by Age and Gender,2016,10-14,Female,845
Population by Age and Gender,2016,10-14,Male,864
Population by Age and Gender,2016,15-19,Female,859
Population by Age and Gender,2016,15-19,Male,854
Population by Age and Gender,2016,20-24,Female,824
Population by Age and Gender,2016,20-24,Male,773
Population by Age and Gender,2016,25-29,Female,843
Population by Age and Gender,2016,25-29,Male,774
Population by Age and Gender,2016,30-34,Female,878
Population by Age and Gender,2016,30-34,Male,830
Population by Age and Gender,2016,35-39,Female,753
Population by Age and Gender,2016,35-39,Male,715
Population by Age and Gender,2016,40-44,Female,727
Population by Age and Gender,2016,40-44,Male,689
Population by Age and Gender,2016,45-49,Female,695
Population by Age and Gender,2016,45-49,Male,644
Population by Age and Gender,2016,50-54,Female,665
Population by Age and Gender,2016,50-54,Male,605
Population by Age and Gender,2016,55-59,Female,587
Population by Age and Gender,2016,55-59,Male,522
Population by Age and Gender,2016,60-64,Female,513
Population by Age and Gender,2016,60-64,Male,443
Population by Age and Gender,2016,65-69,Female,364
Population by Age and Gender,2016,65-69,Male,295
Population by Age and Gender,2016,70-74,Female,240
Population by Age and Gender,2016,70-74,Male,189
Population by Age and Gender,2016,75-79,Female,173
Population by Age and Gender,2016,75-79,Male,121
Population by Age and Gender,2016,80+,Female,172
Population by Age and Gender,2016,80+,Male,113
"Population, female",2016,Total,Female,10926762
"Population, female (% of total population)",2016,Total,Female,51.5194581
"Population, male",2016,Total,Male,10282238
"Population, male (% of total population)",2016,Total,Male,48.4805419
"Population, total",2016,Total,Total,19293054
"Prevalence of HIV, female (% ages 15-24)",2016,15-24,Female,0.1
"Prevalence of HIV, male (% ages 15-24)",2016,15-24,Male,0.1
Sex ratio at birth (male births per female births),2016,Total,Female,1.043
"Suicide mortality rate (per 100,000 population)",2016,Total,Total,15.1
"Suicide mortality rate, female (per 100,000 female population)",2016,Total,Female,6.3
"Suicide mortality rate, male (per 100,000 male population)",2016,Total,Male,24.46
"Survival to age 65, female (% of cohort)",2016,Total,Female,89.185338
"Survival to age 65, male (% of cohort)",2016,Total,Male,76.106561
Age dependency ratio (% of working-age population),2017,Total,Total,51.33805762
"Age dependency ratio, old (% of working-age population)",2017,Total,Total,14.67023356
"Age dependency ratio, young (% of working-age population)",2017,Total,Total,36.66782406
"Birth rate, crude (per 1,000 people)",2017,Total,Total,15.371
Current health expenditure (% of GDP),2017,Total,Total,3.33093429
"Death rate, crude (per 1,000 people)",2017,Total,Total,6.608
"Fertility rate, total (births per woman)",2017,Total,Total,2.044
"Hospital beds (per 1,000 people)",2017,Total,Total,3.87
"Incidence of HIV, all (per 1,000 uninfected population)",2017,Total,Total,0.1
"Incidence of malaria (per 1,000 population at risk)",2017,Total,Total,0
"Incidence of tuberculosis (per 100,000 people)",2017,Total,Total,64
"Life expectancy at birth, female (years)",2017,Total,Female,79.592
"Life expectancy at birth, male (years)",2017,Total,Male,72.847
"Life expectancy at birth, total (years)",2017,Total,Total,76.239
"Maternal mortality ratio (modeled estimate, per 100,000 live births)",2017,Reproductive Age,Total,21
"Mortality rate, adult, female (per 1,000 female adults)",2017,Adult,Female,62.897
"Mortality rate, adult, male (per 1,000 male adults)",2017,Adult,Male,151.018
"Mortality rate, infant (per 1,000 live births)",2017,0-1,Total,6.7
"Mortality rate, infant, female (per 1,000 live births)",2017,0-1,Female,5.9
"Mortality rate, infant, male (per 1,000 live births)",2017,0-1,Male,7.5
Number of maternal deaths,2017,Reproductive Age,Total,73
"Nurses and midwives (per 1,000 people)",2017,Total,Total,1.962
"Physicians (per 1,000 people)",2017,Total,Total,0.911
Population ages 0-14 (% of total population),2017,Total,Total,24.22908283
Population ages 15-64 (% of total population),2017,Total,Total,66.0772313
Population ages 65 and above (% of total population),2017,Total,Total,9.693685874
Population by Age and Gender,2017,0-4,Female,913
Population by Age and Gender,2017,0-4,Male,928
Population by Age and Gender,2017,5-9,Female,913
Population by Age and Gender,2017,5-9,Male,930
Population by Age and Gender,2017,10-14,Female,855
Population by Age and Gender,2017,10-14,Male,874
Population by Age and Gender,2017,15-19,Female,869
Population by Age and Gender,2017,15-19,Male,864
Population by Age and Gender,2017,20-24,Female,833
Population by Age and Gender,2017,20-24,Male,782
Population by Age and Gender,2017,25-29,Female,853
Population by Age and Gender,2017,25-29,Male,783
Population by Age and Gender,2017,30-34,Female,888
Population by Age and Gender,2017,30-34,Male,840
Population by Age and Gender,2017,35-39,Female,762
Population by Age and Gender,2017,35-39,Male,723
Population by Age and Gender,2017,40-44,Female,735
Population by Age and Gender,2017,40-44,Male,697
Population by Age and Gender,2017,45-49,Female,703
Population by Age and Gender,2017,45-49,Male,651
Population by Age and Gender,2017,50-54,Female,672
Population by Age and Gender,2017,50-54,Male,612
Population by Age and Gender,2017,55-59,Female,593
Population by Age and Gender,2017,55-59,Male,528
Population by Age and Gender,2017,60-64,Female,518
Population by Age and Gender,2017,60-64,Male,448
Population by Age and Gender,2017,65-69,Female,368
Population by Age and Gender,2017,65-69,Male,299
Population by Age and Gender,2017,70-74,Female,243
Population by Age and Gender,2017,70-74,Male,191
Population by Age and Gender,2017,75-79,Female,175
Population by Age and Gender,2017,75-79,Male,122
Population by Age and Gender,2017,80+,Female,174
Population by Age and Gender,2017,80+,Male,114
"Population, female",2017,Total,Female,11055587
"Population, female (% of total population)",2017,Total,Female,51.53399281
"Population, male",2017,Total,Male,10397413
"Population, male (% of total population)",2017,Total,Male,48.46600719
"Population, total",2017,Total,Total,19293054
"Prevalence of HIV, female (% ages 15-24)",2017,15-24,Female,0.1
"Prevalence of HIV, male (% ages 15-24)",2017,15-24,Male,0.1
Sex ratio at birth (male births per female births),2017,Total,Female,1.043
"Suicide mortality rate (per 100,000 population)",2017,Total,Total,15.2
"Suicide mortality rate, female (per 100,000 female population)",2017,Total,Female,6.28
"Suicide mortality rate, male (per 100,000 male population)",2017,Total,Male,24.68
"Survival to age 65, female (% of cohort)",2017,Total,Female,89.282711
"Survival to age 65, male (% of cohort)",2017,Total,Male,76.367432
Age dependency ratio (% of working-age population),2018,Total,Total,51.48991061
"Age dependency ratio, old (% of working-age population)",2018,Total,Total,15.20348409
"Age dependency ratio, young (% of working-age population)",2018,Total,Total,36.28642652
"Birth rate, crude (per 1,000 people)",2018,Total,Total,15.15
Current health expenditure (% of GDP),2018,Total,Total,3.6418879
"Death rate, crude (per 1,000 people)",2018,Total,Total,6.677
"Fertility rate, total (births per woman)",2018,Total,Total,2.033
"Hospital beds (per 1,000 people)",2018,Total,Total,3.93
"Incidence of HIV, all (per 1,000 uninfected population)",2018,Total,Total,0.1
"Incidence of malaria (per 1,000 population at risk)",2018,Total,Total,0
"Incidence of tuberculosis (per 100,000 people)",2018,Total,Total,64
"Life expectancy at birth, female (years)",2018,Total,Female,79.812
"Life expectancy at birth, male (years)",2018,Total,Male,73.107
"Life expectancy at birth, total (years)",2018,Total,Total,76.485
"Maternal mortality ratio (modeled estimate, per 100,000 live births)",2018,Reproductive Age,Total,21
"Mortality rate, adult, female (per 1,000 female adults)",2018,Adult,Female,61.088
"Mortality rate, adult, male (per 1,000 male adults)",2018,Adult,Male,147.198
"Mortality rate, infant (per 1,000 live births)",2018,0-1,Total,6.5
"Mortality rate, infant, female (per 1,000 live births)",2018,0-1,Female,5.7
"Mortality rate, infant, male (per 1,000 live births)",2018,0-1,Male,7.2
Number of maternal deaths,2018,Reproductive Age,Total,70
"Nurses and midwives (per 1,000 people)",2018,Total,Total,2.145
"Physicians (per 1,000 people)",2018,Total,Total,0.988
Population ages 0-14 (% of total population),2018,Total,Total,23.95302986
Population ages 15-64 (% of total population),2018,Total,Total,66.01099675
Population ages 65 and above (% of total population),2018,Total,Total,10.03597339
Population by Age and Gender,2018,0-4,Female,921
Population by Age and Gender,2018,0-4,Male,938
Population by Age and Gender,2018,5-9,Female,923
Population by Age and Gender,2018,5-9,Male,940
Population by Age and Gender,2018,10-14,Female,864
Population by Age and Gender,2018,10-14,Male,884
Population by Age and Gender,2018,15-19,Female,879
Population by Age and Gender,2018,15-19,Male,873
Population by Age and Gender,2018,20-24,Female,842
Population by Age and Gender,2018,20-24,Male,790
Population by Age and Gender,2018,25-29,Female,862
Population by Age and Gender,2018,25-29,Male,791
Population by Age and Gender,2018,30-34,Female,897
Population by Age and Gender,2018,30-34,Male,848
Population by Age and Gender,2018,35-39,Female,769
Population by Age and Gender,2018,35-39,Male,730
Population by Age and Gender,2018,40-44,Female,742
Population by Age and Gender,2018,40-44,Male,704
Population by Age and Gender,2018,45-49,Female,710
Population by Age and Gender,2018,45-49,Male,658
Population by Age and Gender,2018,50-54,Female,679
Population by Age and Gender,2018,50-54,Male,618
Population by Age and Gender,2018,55-59,Female,599
Population by Age and Gender,2018,55-59,Male,533
Population by Age and Gender,2018,60-64,Female,523
Population by Age and Gender,2018,60-64,Male,452
Population by Age and Gender,2018,65-69,Female,371
Population by Age and Gender,2018,65-69,Male,301
Population by Age and Gender,2018,70-74,Female,245
Population by Age and Gender,2018,70-74,Male,193
Population by Age and Gender,2018,75-79,Female,177
Population by Age and Gender,2018,75-79,Male,124
Population by Age and Gender,2018,80+,Female,175
Population by Age and Gender,2018,80+,Male,115
"Population, female",2018,Total,Female,11170638
"Population, female (% of total population)",2018,Total,Female,51.54885942
"Population, male",2018,Total,Male,10499362
"Population, male (% of total population)",2018,Total,Male,48.45114058
"Population, total",2018,Total,Total,19293054
"Prevalence of HIV, female (% ages 15-24)",2018,15-24,Female,0.1
"Prevalence of HIV, male (% ages 15-24)",2018,15-24,Male,0.1
Sex ratio at birth (male births per female births),2018,Total,Female,1.043
"Suicide mortality rate (per 100,000 population)",2018,Total,Total,15.46
"Suicide mortality rate, female (per 100,000 female population)",2018,Total,Female,6.31
"Suicide mortality rate, male (per 100,000 male population)",2018,Total,Male,25.19
"Survival to age 65, female (% of cohort)",2018,Total,Female,89.602294
"Survival to age 65, male (% of cohort)",2018,Total,Male,76.896088
Age dependency ratio (% of working-age population),2019,Total,Total,51.58393848
"Age dependency ratio, old (% of working-age population)",2019,Total,Total,15.72753408
"Age dependency ratio, young (% of working-age population)",2019,Total,Total,35.85640441
"Birth rate, crude (per 1,000 people)",2019,Total,Total,14.6
"Cause of death, by communicable diseases and maternal, prenatal and nutrition conditions (% of total)",2019,Reproductive Age,Total,9.470242124
"Cause of death, by non-communicable diseases (% of total)",2019,Total,Total,82.51870485
Current health expenditure (% of GDP),2019,Total,Total,3.89904952
"Death rate, crude (per 1,000 people)",2019,Total,Total,6.7
"Fertility rate, total (births per woman)",2019,Total,Total,2.022
"Hospital beds (per 1,000 people)",2019,Total,Total,4
"Incidence of HIV, all (per 1,000 uninfected population)",2019,Total,Total,0.1
"Incidence of malaria (per 1,000 population at risk)",2019,Total,Total,0
"Incidence of tuberculosis (per 100,000 people)",2019,Total,Total,64
"Life expectancy at birth, female (years)",2019,Total,Female,79.888
"Life expectancy at birth, male (years)",2019,Total,Male,73.424
"Life expectancy at birth, total (years)",2019,Total,Total,76.698
"Maternal mortality ratio (modeled estimate, per 100,000 live births)",2019,Reproductive Age,Total,20
"Mortality rate, adult, female (per 1,000 female adults)",2019,Adult,Female,60.443
"Mortality rate, adult, male (per 1,000 male adults)",2019,Adult,Male,142.664
"Mortality rate, infant (per 1,000 live births)",2019,0-1,Total,6.2
"Mortality rate, infant, female (per 1,000 live births)",2019,0-1,Female,5.5
"Mortality rate, infant, male (per 1,000 live births)",2019,0-1,Male,6.9
Number of maternal deaths,2019,Reproductive Age,Total,68
"Nurses and midwives (per 1,000 people)",2019,Total,Total,2.226
"Physicians (per 1,000 people)",2019,Total,Total,1.137
Population ages 0-14 (% of total population),2019,Total,Total,23.65448704
Population ages 15-64 (% of total population),2019,Total,Total,65.9700521
Population ages 65 and above (% of total population),2019,Total,Total,10.37546086
Population by Age and Gender,2019,0-4,Female,928
Population by Age and Gender,2019,0-4,Male,943
Population by Age and Gender,2019,5-9,Female,928
Population by Age and Gender,2019,5-9,Male,946
Population by Age and Gender,2019,10-14,Female,870
Population by Age and Gender,2019,10-14,Male,889
Population by Age and Gender,2019,15-19,Female,884
Population by Age and Gender,2019,15-19,Male,879
Population by Age and Gender,2019,20-24,Female,847
Population by Age and Gender,2019,20-24,Male,795
Population by Age and Gender,2019,25-29,Female,867
Population by Age and Gender,2019,25-29,Male,796
Population by Age and Gender,2019,30-34,Female,902
Population by Age and Gender,2019,30-34,Male,854
Population by Age and Gender,2019,35-39,Female,774
Population by Age and Gender,2019,35-39,Male,734
Population by Age and Gender,2019,40-44,Female,747
Population by Age and Gender,2019,40-44,Male,708
Population by Age and Gender,2019,45-49,Female,715
Population by Age and Gender,2019,45-49,Male,662
Population by Age and Gender,2019,50-54,Female,683
Population by Age and Gender,2019,50-54,Male,622
Population by Age and Gender,2019,55-59,Female,603
Population by Age and Gender,2019,55-59,Male,536
Population by Age and Gender,2019,60-64,Female,526
Population by Age and Gender,2019,60-64,Male,455
Population by Age and Gender,2019,65-69,Female,373
Population by Age and Gender,2019,65-69,Male,303
Population by Age and Gender,2019,70-74,Female,246
Population by Age and Gender,2019,70-74,Male,194
Population by Age and Gender,2019,75-79,Female,178
Population by Age and Gender,2019,75-79,Male,124
Population by Age and Gender,2019,80+,Female,176
Population by Age and Gender,2019,80+,Male,116
"Population, female",2019,Total,Female,11242045
"Population, female (% of total population)",2019,Total,Female,51.56191831
"Population, male",2019,Total,Male,10560955
"Population, male (% of total population)",2019,Total,Male,48.43808169
"Population, total",2019,Total,Total,19293054
"Prevalence of HIV, female (% ages 15-24)",2019,15-24,Female,0.1
"Prevalence of HIV, male (% ages 15-24)",2019,15-24,Male,0.1
Sex ratio at birth (male births per female births),2019,Total,Female,1.044
"Suicide mortality rate (per 100,000 population)",2019,Total,Total,15.94
"Suicide mortality rate, female (per 100,000 female population)",2019,Total,Female,6.44
"Suicide mortality rate, male (per 100,000 male population)",2019,Total,Male,26.06
"Survival to age 65, female (% of cohort)",2019,Total,Female,89.716672
"Survival to age 65, male (% of cohort)",2019,Total,Male,77.527244
Age dependency ratio (% of working-age population),2020,Total,Total,51.63729748
"Age dependency ratio, old (% of working-age population)",2020,Total,Total,16.24901668
"Age dependency ratio, young (% of working-age population)",2020,Total,Total,35.38828079
"Birth rate, crude (per 1,000 people)",2020,Total,Total,13.8
Current health expenditure (% of GDP),2020,Total,Total,4.06134748
"Death rate, crude (per 1,000 people)",2020,Total,Total,6
"Fertility rate, total (births per woman)",2020,Total,Total,2.007
"Hospital beds (per 1,000 people)",2020,Total,Total,4.02
"Incidence of HIV, all (per 1,000 uninfected population)",2020,Total,Total,0.1
"Incidence of malaria (per 1,000 population at risk)",2020,Total,Total,0
"Incidence of tuberculosis (per 100,000 people)",2020,Total,Total,63
"Life expectancy at birth, female (years)",2020,Total,Female,80.066
"Life expectancy at birth, male (years)",2020,Total,Male,73.691
"Life expectancy at birth, total (years)",2020,Total,Total,76.928
"Maternal mortality ratio (modeled estimate, per 100,000 live births)",2020,Reproductive Age,Total,23
"Mortality rate, adult, female (per 1,000 female adults)",2020,Adult,Female,59.023
"Mortality rate, adult, male (per 1,000 male adults)",2020,Adult,Male,138.378
"Mortality rate, infant (per 1,000 live births)",2020,0-1,Total,6
"Mortality rate, infant, female (per 1,000 live births)",2020,0-1,Female,5.3
"Mortality rate, infant, male (per 1,000 live births)",2020,0-1,Male,6.7
Number of maternal deaths,2020,Reproductive Age,Total,76
"Nurses and midwives (per 1,000 people)",2020,Total,Total,2.461
"Physicians (per 1,000 people)",2020,Total,Total,1.212
Population ages 0-14 (% of total population),2020,Total,Total,23.33745254
Population ages 15-64 (% of total population),2020,Total,Total,65.94683662
Population ages 65 and above (% of total population),2020,Total,Total,10.71571085
Population by Age and Gender,2020,0-4,Female,932
Population by Age and Gender,2020,0-4,Male,949
Population by Age and Gender,2020,5-9,Female,934
Population by Age and Gender,2020,5-9,Male,951
Population by Age and Gender,2020,10-14,Female,874
Population by Age and Gender,2020,10-14,Male,894
Population by Age and Gender,2020,15-19,Female,889
Population by Age and Gender,2020,15-19,Male,884
Population by Age and Gender,2020,20-24,Female,852
Population by Age and Gender,2020,20-24,Male,799
Population by Age and Gender,2020,25-29,Female,872
Population by Age and Gender,2020,25-29,Male,800
Population by Age and Gender,2020,30-34,Female,907
Population by Age and Gender,2020,30-34,Male,858
Population by Age and Gender,2020,35-39,Female,778
Population by Age and Gender,2020,35-39,Male,738
Population by Age and Gender,2020,40-44,Female,750
Population by Age and Gender,2020,40-44,Male,712
Population by Age and Gender,2020,45-49,Female,719
Population by Age and Gender,2020,45-49,Male,665
Population by Age and Gender,2020,50-54,Female,686
Population by Age and Gender,2020,50-54,Male,626
Population by Age and Gender,2020,55-59,Female,605
Population by Age and Gender,2020,55-59,Male,539
Population by Age and Gender,2020,60-64,Female,529
Population by Age and Gender,2020,60-64,Male,457
Population by Age and Gender,2020,65-69,Female,375
Population by Age and Gender,2020,65-69,Male,305
Population by Age and Gender,2020,70-74,Female,248
Population by Age and Gender,2020,70-74,Male,195
Population by Age and Gender,2020,75-79,Female,179
Population by Age and Gender,2020,75-79,Male,125
Population by Age and Gender,2020,80+,Female,177
Population by Age and Gender,2020,80+,Male,116
"Population, female",2020,Total,Female,11304243
"Population, female (% of total population)",2020,Total,Female,51.57280406
"Population, male",2020,Total,Male,10614757
"Population, male (% of total population)",2020,Total,Male,48.42719594
"Population, total",2020,Total,Total,19293054
"Prevalence of HIV, female (% ages 15-24)",2020,15-24,Female,0.1
"Prevalence of HIV, male (% ages 15-24)",2020,15-24,Male,0.1
Sex ratio at birth (male births per female births),2020,Total,Female,1.044
"Suicide mortality rate (per 100,000 population)",2020,Total,Total,12.44
"Suicide mortality rate, female (per 100,000 female population)",2020,Total,Female,5.13
"Suicide mortality rate, male (per 100,000 male population)",2020,Total,Male,20.22
"Survival to age 65, female (% of cohort)",2020,Total,Female,89.961824
"Survival to age 65, male (% of cohort)",2020,Total,Male,78.081552
Age dependency ratio (% of working-age population),2021,Total,Total,51.65677982
"Age dependency ratio, old (% of working-age population)",2021,Total,Total,16.75146879
"Age dependency ratio, young (% of working-age population)",2021,Total,Total,34.90531103
"Birth rate, crude (per 1,000 people)",2021,Total,Total,12.9
Current health expenditure (% of GDP),2021,Total,Total,4.02830219
"Death rate, crude (per 1,000 people)",2021,Total,Total,7.4
"Fertility rate, total (births per woman)",2021,Total,Total,1.995
"Incidence of HIV, all (per 1,000 uninfected population)",2021,Total,Total,0.1
"Incidence of malaria (per 1,000 population at risk)",2021,Total,Total,0
"Incidence of tuberculosis (per 100,000 people)",2021,Total,Total,63
"Life expectancy at birth, female (years)",2021,Total,Female,79.522
"Life expectancy at birth, male (years)",2021,Total,Male,72.97
"Life expectancy at birth, total (years)",2021,Total,Total,76.278
"Maternal mortality ratio (modeled estimate, per 100,000 live births)",2021,Reproductive Age,Total,34
"Mortality rate, adult, female (per 1,000 female adults)",2021,Adult,Female,65.488
"Mortality rate, adult, male (per 1,000 male adults)",2021,Adult,Male,151.505
"Mortality rate, infant (per 1,000 live births)",2021,0-1,Total,5.8
"Mortality rate, infant, female (per 1,000 live births)",2021,0-1,Female,5.1
"Mortality rate, infant, male (per 1,000 live births)",2021,0-1,Male,6.4
Number of maternal deaths,2021,Reproductive Age,Total,110
"Nurses and midwives (per 1,000 people)",2021,Total,Total,2.439
"Physicians (per 1,000 people)",2021,Total,Total,1.192
Population ages 0-14 (% of total population),2021,Total,Total,23.01599287
Population ages 15-64 (% of total population),2021,Total,Total,65.93836216
Population ages 65 and above (% of total population),2021,Total,Total,11.04564498
Population by Age and Gender,2021,0-4,Female,943
Population by Age and Gender,2021,0-4,Male,959
Population by Age and Gender,2021,5-9,Female,944
Population by Age and Gender,2021,5-9,Male,962
Population by Age and Gender,2021,10-14,Female,884
Population by Age and Gender,2021,10-14,Male,904
Population by Age and Gender,2021,15-19,Female,899
Population by Age and Gender,2021,15-19,Male,894
Population by Age and Gender,2021,20-24,Female,861
Population by Age and Gender,2021,20-24,Male,808
Population by Age and Gender,2021,25-29,Female,881
Population by Age and Gender,2021,25-29,Male,809
Population by Age and Gender,2021,30-34,Female,917
Population by Age and Gender,2021,30-34,Male,867
Population by Age and Gender,2021,35-39,Female,787
Population by Age and Gender,2021,35-39,Male,746
Population by Age and Gender,2021,40-44,Female,758
Population by Age and Gender,2021,40-44,Male,720
Population by Age and Gender,2021,45-49,Female,726
Population by Age and Gender,2021,45-49,Male,672
Population by Age and Gender,2021,50-54,Female,694
Population by Age and Gender,2021,50-54,Male,632
Population by Age and Gender,2021,55-59,Female,612
Population by Age and Gender,2021,55-59,Male,544
Population by Age and Gender,2021,60-64,Female,534
Population by Age and Gender,2021,60-64,Male,462
Population by Age and Gender,2021,65-69,Female,379
Population by Age and Gender,2021,65-69,Male,308
Population by Age and Gender,2021,70-74,Female,250
Population by Age and Gender,2021,70-74,Male,197
Population by Age and Gender,2021,75-79,Female,181
Population by Age and Gender,2021,75-79,Male,126
Population by Age and Gender,2021,80+,Female,179
Population by Age and Gender,2021,80+,Male,117
"Population, female",2021,Total,Female,11429255
"Population, female (% of total population)",2021,Total,Female,51.5853705
"Population, male",2021,Total,Male,10726745
"Population, male (% of total population)",2021,Total,Male,48.4146295
"Population, total",2021,Total,Total,19293054
"Prevalence of HIV, female (% ages 15-24)",2021,15-24,Female,0.1
"Prevalence of HIV, male (% ages 15-24)",2021,15-24,Male,0.1
Sex ratio at birth (male births per female births),2021,Total,Female,1.044
"Suicide mortality rate (per 100,000 population)",2021,Total,Total,14.74
"Suicide mortality rate, female (per 100,000 female population)",2021,Total,Female,5.85
"Suicide mortality rate, male (per 100,000 male population)",2021,Total,Male,24.22
"Survival to age 65, female (% of cohort)",2021,Total,Female,89.052764
"Survival to age 65, male (% of cohort)",2021,Total,Male,76.365709
Age dependency ratio (% of working-age population),2022,Total,Total,51.68231906
"Age dependency ratio, old (% of working-age population)",2022,Total,Total,17.26514201
"Age dependency ratio, young (% of working-age population)",2022,Total,Total,34.41717705
"Birth rate, crude (per 1,000 people)",2022,Total,Total,12.4
Current health expenditure (% of GDP),2022,Total,Total,4.36269855
"Death rate, crude (per 1,000 people)",2022,Total,Total,8.1
"Fertility rate, total (births per woman)",2022,Total,Total,1.984
"Incidence of HIV, all (per 1,000 uninfected population)",2022,Total,Total,0.1
"Incidence of malaria (per 1,000 population at risk)",2022,Total,Total,0
"Incidence of tuberculosis (per 100,000 people)",2022,Total,Total,62
"Life expectancy at birth, female (years)",2022,Total,Female,80.451
"Life expectancy at birth, male (years)",2022,Total,Male,74.033
"Life expectancy at birth, total (years)",2022,Total,Total,77.3
"Maternal mortality ratio (modeled estimate, per 100,000 live births)",2022,Reproductive Age,Total,22
"Mortality rate, adult, female (per 1,000 female adults)",2022,Adult,Female,56.17
"Mortality rate, adult, male (per 1,000 male adults)",2022,Adult,Male,132.356
"Mortality rate, infant (per 1,000 live births)",2022,0-1,Total,5.5
"Mortality rate, infant, female (per 1,000 live births)",2022,0-1,Female,4.9
"Mortality rate, infant, male (per 1,000 live births)",2022,0-1,Male,6.2
Number of maternal deaths,2022,Reproductive Age,Total,72
Population ages 0-14 (% of total population),2022,Total,Total,22.6903041
Population ages 15-64 (% of total population),2022,Total,Total,65.92726111
Population ages 65 and above (% of total population),2022,Total,Total,11.38243479
Population by Age and Gender,2022,0-4,Female,945
Population by Age and Gender,2022,0-4,Male,960
Population by Age and Gender,2022,5-9,Female,945
Population by Age and Gender,2022,5-9,Male,963
Population by Age and Gender,2022,10-14,Female,885
Population by Age and Gender,2022,10-14,Male,905
Population by Age and Gender,2022,15-19,Female,900
Population by Age and Gender,2022,15-19,Male,895
Population by Age and Gender,2022,20-24,Female,862
Population by Age and Gender,2022,20-24,Male,809
Population by Age and Gender,2022,25-29,Female,882
Population by Age and Gender,2022,25-29,Male,810
Population by Age and Gender,2022,30-34,Female,918
Population by Age and Gender,2022,30-34,Male,868
Population by Age and Gender,2022,35-39,Female,787
Population by Age and Gender,2022,35-39,Male,747
Population by Age and Gender,2022,40-44,Female,759
Population by Age and Gender,2022,40-44,Male,720
Population by Age and Gender,2022,45-49,Female,727
Population by Age and Gender,2022,45-49,Male,673
Population by Age and Gender,2022,50-54,Female,694
Population by Age and Gender,2022,50-54,Male,633
Population by Age and Gender,2022,55-59,Female,613
Population by Age and Gender,2022,55-59,Male,545
Population by Age and Gender,2022,60-64,Female,535
Population by Age and Gender,2022,60-64,Male,463
Population by Age and Gender,2022,65-69,Female,379
Population by Age and Gender,2022,65-69,Male,308
Population by Age and Gender,2022,70-74,Female,250
Population by Age and Gender,2022,70-74,Male,198
Population by Age and Gender,2022,75-79,Female,181
Population by Age and Gender,2022,75-79,Male,126
Population by Age and Gender,2022,80+,Female,179
Population by Age and Gender,2022,80+,Male,117
"Population, female",2022,Total,Female,11445125
"Population, female (% of total population)",2022,Total,Female,51.59877845
"Population, male",2022,Total,Male,10735875
"Population, male (% of total population)",2022,Total,Male,48.40122155
"Population, total",2022,Total,Total,19293054
"Prevalence of HIV, female (% ages 15-24)",2022,15-24,Female,0.1
"Prevalence of HIV, male (% ages 15-24)",2022,15-24,Male,0.1
Sex ratio at birth (male births per female births),2022,Total,Female,1.044
"Survival to age 65, female (% of cohort)",2022,Total,Female,90.438482
"Survival to age 65, male (% of cohort)",2022,Total,Male,78.843584
Age dependency ratio (% of working-age population),2023,Total,Total,51.74503338
"Age dependency ratio, old (% of working-age population)",2023,Total,Total,17.81291189
"Age dependency ratio, young (% of working-age population)",2023,Total,Total,33.93212149
"Birth rate, crude (per 1,000 people)",2023,Total,Total,11.2
"Death rate, crude (per 1,000 people)",2023,Total,Total,8.2
"Fertility rate, total (births per woman)",2023,Total,Total,1.974
"Incidence of HIV, all (per 1,000 uninfected population)",2023,Total,Total,0.1
"Incidence of malaria (per 1,000 population at risk)",2023,Total,Total,0
"Incidence of tuberculosis (per 100,000 people)",2023,Total,Total,62
"Life expectancy at birth, female (years)",2023,Total,Female,80.593
"Life expectancy at birth, male (years)",2023,Total,Male,74.244
"Life expectancy at birth, total (years)",2023,Total,Total,77.483
"Maternal mortality ratio (modeled estimate, per 100,000 live births)",2023,Reproductive Age,Total,18
"Mortality rate, adult, female (per 1,000 female adults)",2023,Adult,Female,55.072
"Mortality rate, adult, male (per 1,000 male adults)",2023,Adult,Male,128.86
"Mortality rate, infant (per 1,000 live births)",2023,0-1,Total,5.3
"Mortality rate, infant, female (per 1,000 live births)",2023,0-1,Female,4.7
"Mortality rate, infant, male (per 1,000 live births)",2023,0-1,Male,5.9
Number of maternal deaths,2023,Reproductive Age,Total,59
Population ages 0-14 (% of total population),2023,Total,Total,22.36127304
Population ages 15-64 (% of total population),2023,Total,Total,65.90001696
Population ages 65 and above (% of total population),2023,Total,Total,11.73870999
Population by Age and Gender,2023,0-4,Female,939
Population by Age and Gender,2023,0-4,Male,954
Population by Age and Gender,2023,5-9,Female,939
Population by Age and Gender,2023,5-9,Male,957
Population by Age and Gender,2023,10-14,Female,880
Population by Age and Gender,2023,10-14,Male,899
Population by Age and Gender,2023,15-19,Female,894
Population by Age and Gender,2023,15-19,Male,889
Population by Age and Gender,2023,20-24,Female,856
Population by Age and Gender,2023,20-24,Male,804
Population by Age and Gender,2023,25-29,Female,877
Population by Age and Gender,2023,25-29,Male,805
Population by Age and Gender,2023,30-34,Female,912
Population by Age and Gender,2023,30-34,Male,862
Population by Age and Gender,2023,35-39,Female,782
Population by Age and Gender,2023,35-39,Male,742
Population by Age and Gender,2023,40-44,Female,754
Population by Age and Gender,2023,40-44,Male,715
Population by Age and Gender,2023,45-49,Female,722
Population by Age and Gender,2023,45-49,Male,669
Population by Age and Gender,2023,50-54,Female,689
Population by Age and Gender,2023,50-54,Male,629
Population by Age and Gender,2023,55-59,Female,609
Population by Age and Gender,2023,55-59,Male,541
Population by Age and Gender,2023,60-64,Female,531
Population by Age and Gender,2023,60-64,Male,460
Population by Age and Gender,2023,65-69,Female,377
Population by Age and Gender,2023,65-69,Male,306
Population by Age and Gender,2023,70-74,Female,248
Population by Age and Gender,2023,70-74,Male,196
Population by Age and Gender,2023,75-79,Female,180
Population by Age and Gender,2023,75-79,Male,125
Population by Age and Gender,2023,80+,Female,178
Population by Age and Gender,2023,80+,Male,117
"Population, female",2023,Total,Female,11373412
"Population, female (% of total population)",2023,Total,Female,51.61052877
"Population, male",2023,Total,Male,10663588
"Population, male (% of total population)",2023,Total,Male,48.38947123
"Population, total",2023,Total,Total,19293054
"Prevalence of HIV, female (% ages 15-24)",2023,15-24,Female,0.1
"Prevalence of HIV, male (% ages 15-24)",2023,15-24,Male,0.1
Sex ratio at birth (male births per female births),2023,Total,Female,1.044
"Survival to age 65, female (% of cohort)",2023,Total,Female,90.621742
"Survival to age 65, male (% of cohort)",2023,Total,Male,79.29283
Age dependency ratio (% of working-age population),2024,Total,Total,51.61978249
"Age dependency ratio, old (% of working-age population)",2024,Total,Total,65.86577366
"Age dependency ratio, young (% of working-age population)",2024,Total,Total,22.03028671
"Maternal mortality ratio (modeled estimate, per 100,000 live births)",2024,Reproductive Age,Total,18.37667282
Population ages 0-14 (% of total population),2024,Total,Total,10603008
Population ages 15-64 (% of total population),2024,Total,Total,11312992
Population ages 65 and above (% of total population),2024,Total,Total,48.38021751
Population by Age and Gender,2024,0-4,Female,934
Population by Age and Gender,2024,0-4,Male,949
Population by Age and Gender,2024,5-9,Female,934
Population by Age and Gender,2024,5-9,Male,952
Population by Age and Gender,2024,10-14,Female,875
Population by Age and Gender,2024,10-14,Male,894
Population by Age and Gender,2024,15-19,Female,889
Population by Age and Gender,2024,15-19,Male,884
Population by Age and Gender,2024,20-24,Female,852
Population by Age and Gender,2024,20-24,Male,799
Population by Age and Gender,2024,25-29,Female,872
Population by Age and Gender,2024,25-29,Male,801
Population by Age and Gender,2024,30-34,Female,907
Population by Age and Gender,2024,30-34,Male,858
Population by Age and Gender,2024,35-39,Female,778
Population by Age and Gender,2024,35-39,Male,738
Population by Age and Gender,2024,40-44,Female,750
Population by Age and Gender,2024,40-44,Male,711
Population by Age and Gender,2024,45-49,Female,718
Population by Age and Gender,2024,45-49,Male,665
Population by Age and Gender,2024,50-54,Female,686
Population by Age and Gender,2024,50-54,Male,625
Population by Age and Gender,2024,55-59,Female,605
Population by Age and Gender,2024,55-59,Male,538
Population by Age and Gender,2024,60-64,Female,529
Population by Age and Gender,2024,60-64,Male,457
Population by Age and Gender,2024,65-69,Female,374
Population by Age and Gender,2024,65-69,Male,304
Population by Age and Gender,2024,70-74,Female,247
Population by Age and Gender,2024,70-74,Male,195
Population by Age and Gender,2024,75-79,Female,178
Population by Age and Gender,2024,75-79,Male,125
Population by Age and Gender,2024,80+,Female,177
Population by Age and Gender,2024,80+,Male,116
"Prevalence of HIV, female (% ages 15-24)",2024,15-24,Female,0.1
"Prevalence of HIV, male (% ages 15-24)",2024,15-24,Male,0.1
